[  
   {  
      "no":"001",
      "name":"九份民宿-龍門客棧",
      "tel":"0224966036",
      "fax":"0224960113",
      "address":"224新北市瑞芳區崙頂路110號",
      "coordinate":"25.10749940, 121.84424120",
      "regular_price":"1800",
      "holiday_price":"2200",
      "room":"5"
   },
   {  
      "no":"002",
      "name":"迷你谷渡假民宿",
      "tel":"0226616388",
      "fax":"0226616898",
      "address":"233新北市烏來區烏來里啦卡路20號",
      "coordinate":"24.86198800, 121.55475200",
      "regular_price":"3500",
      "holiday_price":"5000",
      "room":"3"
   },
   {  
      "no":"003",
      "name":"憩園民宿",
      "tel":"0224921656",
      "fax":"0224925525",
      "address":"207新北市萬里區愛二街24號",
      "coordinate":"25.17819167, 121.68368859",
      "regular_price":"1500",
      "holiday_price":"2000",
      "room":"3"
   },
   {  
      "no":"006",
      "name":"九份A-HOME民宿",
      "tel":"0224969454",
      "fax":"0224960720",
      "address":"224新北市瑞芳區崙頂路55號",
      "coordinate":"25.10737000, 121.84387500",
      "regular_price":"4000",
      "holiday_price":"4500",
      "room":"2"
   },
   {  
      "no":"007",
      "name":"施家民宿",
      "tel":"0224969357",
      "fax":"0224061159",
      "address":"224新北市瑞芳區基山街106號2至3樓",
      "coordinate":"25.10857592, 121.84409371",
      "regular_price":"1800",
      "holiday_price":"1800",
      "room":"2"
   },
   {  
      "no":"009",
      "name":"九份老舍民宿",
      "tel":"0960576258",
      "fax":"0224063709",
      "address":"224新北市瑞芳區街頂巷20,21號",
      "coordinate":"25.10815000, 121.84456700",
      "regular_price":"2800",
      "holiday_price":"4400",
      "room":"4"
   },
   {  
      "no":"010",
      "name":"溫莎堡-香草花園民宿",
      "tel":"0930824391",
      "fax":"0224063709",
      "address":"224新北市瑞芳區基山街62號",
      "coordinate":"25.10907265, 121.84531990",
      "regular_price":"4400",
      "holiday_price":"4400",
      "room":"2"
   },
   {  
      "no":"011",
      "name":"龍門溫泉民宿",
      "tel":"0226618187",
      "fax":"0226618187",
      "address":"233新北市烏來區烏來里溫泉街116號",
      "coordinate":"24.86003300, 121.55144400",
      "regular_price":"3500",
      "holiday_price":"3500",
      "room":"2"
   },
   {  
      "no":"014",
      "name":"熱門民宿",
      "tel":"0224063769",
      "fax":"0224063389",
      "address":"224新北市瑞芳區街頂巷37號",
      "coordinate":"25.10768690, 121.84484400",
      "regular_price":"1700",
      "holiday_price":"3000",
      "room":"5"
   },
   {  
      "no":"015",
      "name":"金瓜石藝棧景觀渡假別墅民宿",
      "tel":"0224961010",
      "fax":"0224961800",
      "address":"224新北市瑞芳區山尖路2號",
      "coordinate":"25.11561200, 121.85439000",
      "regular_price":"12000",
      "holiday_price":"14000",
      "room":"5"
   },
   {  
      "no":"016",
      "name":"海華休閒別墅民宿",
      "tel":"0224926701",
      "fax":"0224926701",
      "address":"207新北市萬里區玉田路52號",
      "coordinate":"25.19385000, 121.68079300",
      "regular_price":"2200",
      "holiday_price":"3280",
      "room":"3"
   },
   {  
      "no":"017",
      "name":"旅途中海畔民宿",
      "tel":"0952830115",
      "fax":"",
      "address":"252新北市三芝區後厝里土地公坑54之6號3樓",
      "coordinate":"25.24999011, 121.46669458",
      "regular_price":"2500",
      "holiday_price":"3600",
      "room":"2"
   },
   {  
      "no":"018",
      "name":"九份風箏博物館特色民宿",
      "tel":"0224967709",
      "fax":"0224967708",
      "address":"224新北市瑞芳區坑尾巷20號",
      "coordinate":"25.11037700, 121.84381780",
      "regular_price":"2000",
      "holiday_price":"5700",
      "room":"14"
   },
   {  
      "no":"019",
      "name":"一畝田民宿",
      "tel":"0932519520",
      "fax":"0286351100",
      "address":"252新北市三芝區茂長里陳厝坑19之2號",
      "coordinate":"25.25425400, 121.51874500",
      "regular_price":"6000",
      "holiday_price":"11000",
      "room":"5"
   },
   {  
      "no":"021",
      "name":"利未莊園民宿",
      "tel":"0224961658",
      "fax":"0224961657",
      "address":"224新北市瑞芳區山尖路97號",
      "coordinate":"25.11406800, 121.85393000",
      "regular_price":"3500",
      "holiday_price":"6600",
      "room":"5"
   },
   {  
      "no":"022",
      "name":"山中威尼斯民宿",
      "tel":"0224930088",
      "fax":"0224934771",
      "address":"227新北市雙溪區新基東街7之1號",
      "coordinate":"25.04007900, 121.88242600",
      "regular_price":"3400",
      "holiday_price":"5500",
      "room":"4"
   },
   {  
      "no":"023",
      "name":"四個孩子民宿",
      "tel":"0226361104",
      "fax":"0226363722",
      "address":"252新北市三芝區茂長里芝柏路85號",
      "coordinate":"25.25720200, 121.51077900",
      "regular_price":"1600",
      "holiday_price":"2200",
      "room":"3"
   },
   {  
      "no":"024",
      "name":"綠野村山莊民宿",
      "tel":"0224061248",
      "fax":"0224974145",
      "address":"224新北市瑞芳區靜安路4段56巷6號",
      "coordinate":"25.10232590, 121.79513200",
      "regular_price":"3600",
      "holiday_price":"5600",
      "room":"5"
   },
   {  
      "no":"028",
      "name":"阿里磅生態農場民宿",
      "tel":"0226382745",
      "fax":"0226232016",
      "address":"253新北市石門區乾華里阿里磅82之1號",
      "coordinate":"25.26456400, 121.58260300",
      "regular_price":"4000",
      "holiday_price":"6000",
      "room":"5"
   },
   {  
      "no":"029",
      "name":"阿香姨民宿",
      "tel":"0224978811",
      "fax":"",
      "address":"224新北市瑞芳區汽車路7號",
      "coordinate":"25.10996300, 121.84415200",
      "regular_price":"1000",
      "holiday_price":"2000",
      "room":"4"
   },
   {  
      "no":"031",
      "name":"九份喜來園景觀民宿",
      "tel":"0224063399",
      "fax":"",
      "address":"224新北市瑞芳區汽車路9之13號",
      "coordinate":"25.11076700, 121.84632900",
      "regular_price":"3200",
      "holiday_price":"3600",
      "room":"5"
   },
   {  
      "no":"032",
      "name":"九重町民宿",
      "tel":"0224967680",
      "fax":"0224967880",
      "address":"224新北市瑞芳區基山街29號",
      "coordinate":"25.10913800, 121.84545300",
      "regular_price":"2300",
      "holiday_price":"3900",
      "room":"5"
   },
   {  
      "no":"034",
      "name":"悅山海民宿",
      "tel":"0224976328",
      "fax":"0224966886",
      "address":"224新北市瑞芳區崙頂路103號",
      "coordinate":"25.10716400, 121.84464700",
      "regular_price":"3300",
      "holiday_price":"3300",
      "room":"5"
   },
   {  
      "no":"037",
      "name":"平林休閒棧民宿",
      "tel":"0224934016",
      "fax":"0224933833",
      "address":"227新北市雙溪區外平林37號",
      "coordinate":"25.03690176, 121.85433480",
      "regular_price":"4000",
      "holiday_price":"4000",
      "room":"2"
   },
   {  
      "no":"038",
      "name":"牡丹清境民宿",
      "tel":"0224934901",
      "fax":"0224962383",
      "address":"227新北市雙溪區定福11號",
      "coordinate":"25.07403699, 121.85013247",
      "regular_price":"2100",
      "holiday_price":"8400",
      "room":"4"
   },
   {  
      "no":"039",
      "name":"平林農場民宿",
      "tel":"0224934016",
      "fax":"0224933883",
      "address":"227新北市雙溪區外平林35號",
      "coordinate":"25.03688800, 121.85380400",
      "regular_price":"2000",
      "holiday_price":"3000",
      "room":"5"
   },
   {  
      "no":"041",
      "name":"九份觀海樓民宿",
      "tel":"0224966123",
      "fax":"0224966460",
      "address":"224新北市瑞芳區基山街183之1號",
      "coordinate":"25.10762500, 121.84312010",
      "regular_price":"1600",
      "holiday_price":"2000",
      "room":"4"
   },
   {  
      "no":"042",
      "name":"花岩山林民宿",
      "tel":"0226749618",
      "fax":"0226749617",
      "address":"237新北市三峽區有木里有木104之1號",
      "coordinate":"24.86518189, 121.43935389",
      "regular_price":"2000",
      "holiday_price":"4800",
      "room":"5"
   },
   {  
      "no":"043",
      "name":"La Casa 嘴嘴的家民宿",
      "tel":"0931131383",
      "fax":"",
      "address":"252新北市三芝區茂長里觀海街3號",
      "coordinate":"25.25867900, 121.50900100",
      "regular_price":"1800",
      "holiday_price":"2000",
      "room":"2"
   },
   {  
      "no":"045",
      "name":"悠然居民宿",
      "tel":"0224063005",
      "fax":"0224960205",
      "address":"224新北市瑞芳區汽車路76號",
      "coordinate":"25.11149090, 121.84493990",
      "regular_price":"2000",
      "holiday_price":"4800",
      "room":"5"
   },
   {  
      "no":"046",
      "name":"九份李老師的家民宿",
      "tel":"0920075319",
      "fax":"",
      "address":"224新北市瑞芳區崙頂路59號",
      "coordinate":"25.10661470, 121.84538780",
      "regular_price":"2500",
      "holiday_price":"4000",
      "room":"5"
   },
   {  
      "no":"047",
      "name":"柳園民宿",
      "tel":"0224975195",
      "fax":"",
      "address":"224新北市瑞芳區基山街237號",
      "coordinate":"25.10693273, 121.84172190",
      "regular_price":"1000",
      "holiday_price":"1500",
      "room":"5"
   },
   {  
      "no":"050",
      "name":"自然山居民宿",
      "tel":"0224983615",
      "fax":"",
      "address":"207新北市萬里區員潭路16之9號",
      "coordinate":"25.19539998, 121.64501776",
      "regular_price":"2200",
      "holiday_price":"2200",
      "room":"5"
   },
   {  
      "no":"051",
      "name":"石山水禪民宿",
      "tel":"0224961096",
      "fax":"0224228387",
      "address":"224新北市瑞芳區山尖路54號",
      "coordinate":"25.11507830, 121.85427320",
      "regular_price":"3000",
      "holiday_price":"3000",
      "room":"5"
   },
   {  
      "no":"052",
      "name":"情人溫泉民宿",
      "tel":"0226616181",
      "fax":"",
      "address":"233新北市烏來區烏來里溫泉街83號",
      "coordinate":"24.86005670, 121.55175000",
      "regular_price":"1800",
      "holiday_price":"1800",
      "room":"2"
   },
   {  
      "no":"053",
      "name":"九份高媽媽民宿",
      "tel":"0224971680",
      "fax":"0224061671",
      "address":"224新北市瑞芳區汽車路7之5號",
      "coordinate":"25.10996300, 121.84415200",
      "regular_price":"1300",
      "holiday_price":"2600",
      "room":"5"
   },
   {  
      "no":"054",
      "name":"風采民宿",
      "tel":"0905137715",
      "fax":"",
      "address":"224新北市瑞芳區輕便路121號",
      "coordinate":"25.10915300, 121.84391200",
      "regular_price":"1800",
      "holiday_price":"4000",
      "room":"5"
   },
   {  
      "no":"056",
      "name":"三才靈芝農場民宿",
      "tel":"0226633995",
      "fax":"0282523942",
      "address":"223新北市石碇區中民里18重溪52之1號",
      "coordinate":"25.01360300, 121.67479100",
      "regular_price":"1290",
      "holiday_price":"2200",
      "room":"5"
   },
   {  
      "no":"057",
      "name":"九份未眠者花園民宿",
      "tel":"0224968187",
      "fax":"0224966261",
      "address":"224新北市瑞芳區石埤巷78號",
      "coordinate":"25.10840500, 121.84225400",
      "regular_price":"2880",
      "holiday_price":"5680",
      "room":"5"
   },
   {  
      "no":"058",
      "name":"老農夫民宿",
      "tel":"0224930266",
      "fax":"",
      "address":"227新北市雙溪區丁子蘭坑50號",
      "coordinate":"24.99886786, 121.86608809",
      "regular_price":"1800",
      "holiday_price":"3000",
      "room":"4"
   },
   {  
      "no":"059",
      "name":"馬克村莊民宿",
      "tel":"0919107323",
      "fax":"0224966430",
      "address":"224新北市瑞芳區汽車路86號",
      "coordinate":"25.11080590, 121.84485100",
      "regular_price":"2000",
      "holiday_price":"3500",
      "room":"5"
   },
   {  
      "no":"060",
      "name":"涵館民宿",
      "tel":"0224965160",
      "fax":"0224063709",
      "address":"224新北市瑞芳區輕便路282號",
      "coordinate":"25.10921300, 121.84397900",
      "regular_price":"2800",
      "holiday_price":"3980",
      "room":"4"
   },
   {  
      "no":"061",
      "name":"九份望琴海景觀民宿",
      "tel":"0224969454",
      "fax":"0224960720",
      "address":"224新北市瑞芳區崙頂路4之1號",
      "coordinate":"25.10661470, 121.84538780",
      "regular_price":"2500",
      "holiday_price":"3500",
      "room":"4"
   },
   {  
      "no":"062",
      "name":"九份岩屋民宿",
      "tel":"0224969454",
      "fax":"0224960720",
      "address":"224新北市瑞芳區崙頂路137號",
      "coordinate":"25.10661470, 121.84538780",
      "regular_price":"4400",
      "holiday_price":"4400",
      "room":"1"
   },
   {  
      "no":"063",
      "name":"囍屋民宿",
      "tel":"0926961052",
      "fax":"",
      "address":"208新北市金山區中信南路6巷4號",
      "coordinate":"25.20207700, 121.59766100",
      "regular_price":"3600",
      "holiday_price":"5600",
      "room":"4"
   },
   {  
      "no":"065",
      "name":"九份山棧樓許桑的家民宿",
      "tel":"0224976417",
      "fax":"",
      "address":"224新北市瑞芳區基山街31巷9號",
      "coordinate":"25.10966140, 121.84557550",
      "regular_price":"1100",
      "holiday_price":"1300",
      "room":"3"
   },
   {  
      "no":"067",
      "name":"雙禾庭園民宿",
      "tel":"0224933260",
      "fax":"02",
      "address":"227新北市雙溪區坤溪23號",
      "coordinate":"25.03004972, 121.87065797",
      "regular_price":"3600",
      "holiday_price":"5600",
      "room":"5"
   },
   {  
      "no":"068",
      "name":"緩慢民宿",
      "tel":"0224961111",
      "fax":"0224961940",
      "address":"224新北市瑞芳區山尖路93之1號",
      "coordinate":"25.11409800, 121.85465800",
      "regular_price":"5300",
      "holiday_price":"7300",
      "room":"5"
   },
   {  
      "no":"069",
      "name":"萬金龍溫泉民宿",
      "tel":"0224986166",
      "fax":"0224986155",
      "address":"207新北市萬里區萬里加投45之6號",
      "coordinate":"25.21082591, 121.63940279",
      "regular_price":"3600",
      "holiday_price":"3600",
      "room":"5"
   },
   {  
      "no":"070",
      "name":"萬金文溫泉民宿",
      "tel":"0224986166",
      "fax":"0224986155",
      "address":"207新北市萬里區萬里加投45之7號",
      "coordinate":"25.21073688, 121.63934028",
      "regular_price":"3600",
      "holiday_price":"3600",
      "room":"5"
   },
   {  
      "no":"071",
      "name":"萬金銘珠溫泉民宿",
      "tel":"0224986166",
      "fax":"0224986155",
      "address":"207新北市萬里區萬里加投45之8號",
      "coordinate":"25.21047012, 121.63912058",
      "regular_price":"3600",
      "holiday_price":"3600",
      "room":"4"
   },
   {  
      "no":"072",
      "name":"望幽谷民宿",
      "tel":"0224966296",
      "fax":"",
      "address":"224新北市瑞芳區汽車路108之3號",
      "coordinate":"25.10904920, 121.84050870",
      "regular_price":"2000",
      "holiday_price":"2000",
      "room":"3"
   },
   {  
      "no":"073",
      "name":"圓潭溪餐坊休閒民宿",
      "tel":"0224982816",
      "fax":"",
      "address":"207新北市萬里區員潭路6之2號",
      "coordinate":"25.19992970, 121.64657349",
      "regular_price":"2200",
      "holiday_price":"2400",
      "room":"3"
   },
   {  
      "no":"074",
      "name":"五番坑公園堡民宿",
      "tel":"0224975050",
      "fax":"",
      "address":"224新北市瑞芳區基山街204號",
      "coordinate":"25.10694230, 121.84228220",
      "regular_price":"1300",
      "holiday_price":"2500",
      "room":"5"
   },
   {  
      "no":"075",
      "name":"水田園農莊民宿",
      "tel":"0224980899",
      "fax":"",
      "address":"207新北市萬里區萬里加投45之9號",
      "coordinate":"25.21108908, 121.64086845",
      "regular_price":"2200",
      "holiday_price":"2200",
      "room":"5"
   },
   {  
      "no":"078",
      "name":"九份綠光民宿",
      "tel":"0224967307",
      "fax":"",
      "address":"224新北市瑞芳區輕便路320號",
      "coordinate":"25.10721900, 121.84164900",
      "regular_price":"1800",
      "holiday_price":"1800",
      "room":"5"
   },
   {  
      "no":"079",
      "name":"九份景棧民宿",
      "tel":"0224062173",
      "fax":"",
      "address":"224新北市瑞芳區汽車路29號",
      "coordinate":"25.10985090, 121.84460900",
      "regular_price":"1200",
      "holiday_price":"2000",
      "room":"5"
   },
   {  
      "no":"080",
      "name":"雲在山房民宿",
      "tel":"0224977041",
      "fax":"0224063077",
      "address":"224新北市瑞芳區汽車路59號",
      "coordinate":"25.10996300, 121.84415200",
      "regular_price":"3200",
      "holiday_price":"3800",
      "room":"2"
   },
   {  
      "no":"082",
      "name":"莊媽媽民宿",
      "tel":"0224951392",
      "fax":"0228128984",
      "address":"226新北市平溪區嶺腳寮65號",
      "coordinate":"25.03136000, 121.74784400",
      "regular_price":"1500",
      "holiday_price":"2100",
      "room":"3"
   },
   {  
      "no":"083",
      "name":"藝術之家民宿",
      "tel":"0226369525",
      "fax":"0226369525",
      "address":"252新北市三芝區茂長里迎旭街22號",
      "coordinate":"25.25613900, 121.51109300",
      "regular_price":"1800",
      "holiday_price":"2200",
      "room":"3"
   },
   {  
      "no":"084",
      "name":"市下巷民宿",
      "tel":"0905137751",
      "fax":"",
      "address":"224新北市瑞芳區市下巷2號",
      "coordinate":"25.10891200, 121.84434400",
      "regular_price":"2400",
      "holiday_price":"5000",
      "room":"3"
   },
   {  
      "no":"085",
      "name":"鄭家賞海樓民宿",
      "tel":"0224976883",
      "fax":"",
      "address":"224新北市瑞芳區中山巷8號",
      "coordinate":"25.10856660, 121.85643119",
      "regular_price":"1300",
      "holiday_price":"2100",
      "room":"5"
   },
   {  
      "no":"090",
      "name":"白沙灣濱海民宿",
      "tel":"0225551033",
      "fax":"0225558976",
      "address":"253新北市石門區德茂里下員坑15號",
      "coordinate":"25.28520643, 121.51210099",
      "regular_price":"4200",
      "holiday_price":"8000",
      "room":"4"
   },
   {  
      "no":"092",
      "name":"日光涵館民宿",
      "tel":"0930824391",
      "fax":"0224063709",
      "address":"224新北市瑞芳區基山街198及200號",
      "coordinate":"25.10747200, 121.84262400",
      "regular_price":"4400",
      "holiday_price":"4400",
      "room":"1"
   },
   {  
      "no":"093",
      "name":"麗景民宿",
      "tel":"0224975217",
      "fax":"",
      "address":"224新北市瑞芳區輕便路93號3樓",
      "coordinate":"25.10903100, 121.84499600",
      "regular_price":"1400",
      "holiday_price":"1800",
      "room":"4"
   },
   {  
      "no":"094",
      "name":"虹橋民宿",
      "tel":"0286354131",
      "fax":"0286352981",
      "address":"252新北市三芝區八賢里1鄰八連溪1之5號",
      "coordinate":"25.24762200, 121.50736200",
      "regular_price":"2700",
      "holiday_price":"4500",
      "room":"3"
   },
   {  
      "no":"095",
      "name":"淡水日光行館民宿",
      "tel":"0226258012",
      "fax":"026235823",
      "address":"251新北市淡水區忠寮里10鄰破瓦厝子12號",
      "coordinate":"25.19948800, 121.46987300",
      "regular_price":"8000",
      "holiday_price":"8000",
      "room":"4"
   },
   {  
      "no":"096",
      "name":"和風小築民宿",
      "tel":"0224960756",
      "fax":"0224061369",
      "address":"224新北市瑞芳區基山街31巷28號",
      "coordinate":"25.10966140, 121.84557550",
      "regular_price":"2200",
      "holiday_price":"3800",
      "room":"3"
   },
   {  
      "no":"098",
      "name":"雲山水小築民宿",
      "tel":"0919131846",
      "fax":"0224962548",
      "address":"224新北市瑞芳區山尖路72之1號",
      "coordinate":"25.11512000, 121.85411000",
      "regular_price":"3500",
      "holiday_price":"3500",
      "room":"1"
   },
   {  
      "no":"099",
      "name":"地球人戶外休閒家民宿",
      "tel":"0224991372",
      "fax":"0224992365",
      "address":"228新北市貢寮區福隆街16號",
      "coordinate":"25.0163861, 121.9427123",
      "regular_price":"2000",
      "holiday_price":"4000",
      "room":"4"
   },
   {  
      "no":"100",
      "name":"緣憶民宿",
      "tel":"0224062081",
      "fax":"0224972178",
      "address":"224新北市瑞芳區烏勢巷52號",
      "coordinate":"25.10891400, 121.84586800",
      "regular_price":"1600",
      "holiday_price":"4000",
      "room":"5"
   },
   {  
      "no":"101",
      "name":"樹屋民宿",
      "tel":"0224962675",
      "fax":"0224962210",
      "address":"224新北市瑞芳區山尖路137號",
      "coordinate":"25.11288924, 121.85365190",
      "regular_price":"6000",
      "holiday_price":"6000",
      "room":"2"
   },
   {  
      "no":"102",
      "name":"百美民宿",
      "tel":"0224991157",
      "fax":"",
      "address":"228新北市貢寮區福興街6號",
      "coordinate":"25.01190928, 121.99005544",
      "regular_price":"2800",
      "holiday_price":"4000",
      "room":"4"
   },
   {  
      "no":"103",
      "name":"堤畔溫泉民宿",
      "tel":"0226616493",
      "fax":"0226616454",
      "address":"233新北市烏來區新烏路5段66號",
      "coordinate":"24.87325300, 121.54733200",
      "regular_price":"4000",
      "holiday_price":"6000",
      "room":"5"
   },
   {  
      "no":"104",
      "name":"三峽阿桂的家民宿",
      "tel":"0921157971",
      "fax":"0282626991",
      "address":"237新北市三峽區金圳里9鄰金敏路52之1號",
      "coordinate":"24.87194090, 121.38499730",
      "regular_price":"6800",
      "holiday_price":"8800",
      "room":"2"
   },
   {  
      "no":"105",
      "name":"九份風之谷民宿",
      "tel":"0937847973",
      "fax":"",
      "address":"224新北市瑞芳區石崁巷23號",
      "coordinate":"25.10929800, 121.83888400",
      "regular_price":"2500",
      "holiday_price":"5200",
      "room":"2"
   },
   {  
      "no":"106",
      "name":"多桑的店民宿",
      "tel":"0224061681",
      "fax":"",
      "address":"224新北市瑞芳區烏勢巷100號",
      "coordinate":"25.10803700, 121.84594000",
      "regular_price":"1200",
      "holiday_price":"2200",
      "room":"5"
   },
   {  
      "no":"107",
      "name":"陽光味宿民宿",
      "tel":"0224970956",
      "fax":"",
      "address":"224新北市瑞芳區豎崎路56號",
      "coordinate":"25.11057600, 121.84236400",
      "regular_price":"3000",
      "holiday_price":"3000",
      "room":"3"
   },
   {  
      "no":"109",
      "name":"九份峇里民宿",
      "tel":"0224970800",
      "fax":"",
      "address":"224新北市瑞芳區汽車路115號",
      "coordinate":"25.10880100, 121.84076100",
      "regular_price":"2000",
      "holiday_price":"3200",
      "room":"4"
   },
   {  
      "no":"111",
      "name":"驛宿鶯歌民宿",
      "tel":"0226772160",
      "fax":"",
      "address":"239新北市鶯歌區中湖里中湖街152巷15號",
      "coordinate":"24.97402600, 121.34993500",
      "regular_price":"1400",
      "holiday_price":"2600",
      "room":"4"
   },
   {  
      "no":"112",
      "name":"牧羊女藝術民宿",
      "tel":"0226371768",
      "fax":"",
      "address":"252新北市三芝區後厝里北勢子45之15號2樓",
      "coordinate":"25.25029870, 121.46761782",
      "regular_price":"3600",
      "holiday_price":"3600",
      "room":"1"
   },
   {  
      "no":"114",
      "name":"我們的家187民宿",
      "tel":"0224962628",
      "fax":"0224962629",
      "address":"224新北市瑞芳區山尖路187號",
      "coordinate":"25.11197200, 121.85141400",
      "regular_price":"4800",
      "holiday_price":"5800",
      "room":"4"
   },
   {  
      "no":"115",
      "name":"杉夏民宿",
      "tel":"0226366668",
      "fax":"0226366669",
      "address":"252新北市三芝區古庄里5鄰四棧橋36之1號",
      "coordinate":"25.26367100, 121.48418500",
      "regular_price":"2700",
      "holiday_price":"4500",
      "room":"5"
   },
   {  
      "no":"117",
      "name":"塔卡的家民宿",
      "tel":"0286354455",
      "fax":"",
      "address":"252新北市三芝區芝柏五街18號",
      "coordinate":"25.25695700, 121.51149900",
      "regular_price":"2000",
      "holiday_price":"2500",
      "room":"2"
   },
   {  
      "no":"118",
      "name":"山明水舍民宿",
      "tel":"0224933969",
      "fax":"022493-3963",
      "address":"227新北市雙溪區田寮9號",
      "coordinate":"25.01418583, 121.80605805",
      "regular_price":"3200",
      "holiday_price":"4800",
      "room":"3"
   },
   {  
      "no":"119",
      "name":"尚登意民宿",
      "tel":"0224988310",
      "fax":"0224988314",
      "address":"207新北市萬里區萬里加投68之5號",
      "coordinate":"25.21465890, 121.64235167",
      "regular_price":"1680",
      "holiday_price":"1680",
      "room":"4"
   },
   {  
      "no":"120",
      "name":"生活空間民宿",
      "tel":"0224965628",
      "fax":"",
      "address":"224新北市瑞芳區烏勢巷6號",
      "coordinate":"25.10891400, 121.84586800",
      "regular_price":"3300",
      "holiday_price":"3500",
      "room":"2"
   },
   {  
      "no":"121",
      "name":"十分幸福民宿",
      "tel":"0224958046",
      "fax":"0224958646",
      "address":"226新北市平溪區十分街273之6號",
      "coordinate":"25.04875090, 121.78065300",
      "regular_price":"6160",
      "holiday_price":"6160",
      "room":"4"
   },
   {  
      "no":"122",
      "name":"御華山莊民宿",
      "tel":"0224063731",
      "fax":"",
      "address":"224新北市瑞芳區八號巷23號",
      "coordinate":"25.11024000, 121.84182410",
      "regular_price":"2800",
      "holiday_price":"4200",
      "room":"2"
   },
   {  
      "no":"123",
      "name":"18個孩子民宿",
      "tel":"0226361104",
      "fax":"0226363722",
      "address":"252新北市三芝區芝柏路97號",
      "coordinate":"25.25683570, 121.51099130",
      "regular_price":"2200",
      "holiday_price":"3600",
      "room":"4"
   },
   {  
      "no":"124",
      "name":"愛的物語景觀民宿",
      "tel":"0224061733",
      "fax":"0224062133",
      "address":"224新北市瑞芳區豎崎路1之1號",
      "coordinate":"25.10886500, 121.84316000",
      "regular_price":"2200",
      "holiday_price":"5500",
      "room":"2"
   },
   {  
      "no":"125",
      "name":"山海風情民宿",
      "tel":"0224988433",
      "fax":"",
      "address":"208新北市金山區月眉1號之1",
      "coordinate":"25.21788500, 121.62879900",
      "regular_price":"5000",
      "holiday_price":"5000",
      "room":"1"
   },
   {  
      "no":"126",
      "name":"八番坑&舊道口民宿",
      "tel":"0921618023",
      "fax":"0224960942",
      "address":"224新北市瑞芳區輕便路43號",
      "coordinate":"25.11026300, 121.84527500",
      "regular_price":"2500",
      "holiday_price":"4000",
      "room":"5"
   },
   {  
      "no":"127",
      "name":"湯語双泉民宿",
      "tel":"0224081789",
      "fax":"0224081788",
      "address":"208新北市金山區環金路295號",
      "coordinate":"25.22323000, 121.63058400",
      "regular_price":"5400",
      "holiday_price":"5400",
      "room":"3"
   },
   {  
      "no":"128",
      "name":"水映藍天民宿",
      "tel":"0224967107",
      "fax":"",
      "address":"224新北市瑞芳區坑尾巷23號",
      "coordinate":"25.11037700, 121.84381780",
      "regular_price":"3600",
      "holiday_price":"3600",
      "room":"1"
   },
   {  
      "no":"129",
      "name":"大坪山莊民宿",
      "tel":"0277207721",
      "fax":"0277207725",
      "address":"207新北市萬里區雙興里坑頭6號",
      "coordinate":"25.1710439, 121.6349348",
      "regular_price":"2880",
      "holiday_price":"3880",
      "room":"5"
   },
   {  
      "no":"130",
      "name":"宰相住宿會館民宿",
      "tel":"0226295447",
      "fax":"0226256807",
      "address":"251新北市淡水區英專路79巷2號",
      "coordinate":"25.17162100, 121.44539900",
      "regular_price":"1700",
      "holiday_price":"1700",
      "room":"3"
   },
   {  
      "no":"131",
      "name":"新高民宿",
      "tel":"0224082269",
      "fax":"",
      "address":"208新北市金山區坑子內22號",
      "coordinate":"25.21013700, 121.62354900",
      "regular_price":"4680",
      "holiday_price":"6280",
      "room":"4"
   },
   {  
      "no":"132",
      "name":"九份方來民宿",
      "tel":"0224967889",
      "fax":"",
      "address":"224新北市瑞芳區汽車路24號",
      "coordinate":"25.10996300, 121.84415200",
      "regular_price":"1500",
      "holiday_price":"2800",
      "room":"5"
   },
   {  
      "no":"133",
      "name":"良辰美瑾民宿",
      "tel":"0224934046",
      "fax":"",
      "address":"227新北市雙溪區內平林60號之5",
      "coordinate":"25.02720900, 121.83172200",
      "regular_price":"1200",
      "holiday_price":"2600",
      "room":"3"
   },
   {  
      "no":"134",
      "name":"樓仔厝咖啡民宿",
      "tel":"0224958602",
      "fax":"0224958991",
      "address":"226新北市平溪區十分街74巷3號",
      "coordinate":"25.04177800, 121.77636600",
      "regular_price":"4200",
      "holiday_price":"8500",
      "room":"5"
   },
   {  
      "no":"135",
      "name":"雙臻園民宿",
      "tel":"0224934698",
      "fax":"0224934612",
      "address":"227新北市雙溪區泰和街53之1號",
      "coordinate":"25.03044411, 121.85816706",
      "regular_price":"2400",
      "holiday_price":"3900",
      "room":"5"
   },
   {  
      "no":"136",
      "name":"阿源的家民宿",
      "tel":"0224975374",
      "fax":"",
      "address":"224新北市瑞芳區輕便路13號",
      "coordinate":"25.11042300, 121.84570100",
      "regular_price":"3000",
      "holiday_price":"3000",
      "room":"2"
   },
   {  
      "no":"137",
      "name":"途中九份青旅民宿",
      "tel":"0938025848",
      "fax":"",
      "address":"224新北市瑞芳區烏勢巷23號",
      "coordinate":"25.10891200, 121.84587000",
      "regular_price":"3500",
      "holiday_price":"3500",
      "room":"1"
   },
   {  
      "no":"138",
      "name":"萬金游景觀民宿",
      "tel":"0224961266",
      "fax":"0224960158",
      "address":"224新北市瑞芳區山尖路173號",
      "coordinate":"25.11232669, 121.85289211",
      "regular_price":"3680",
      "holiday_price":"4480",
      "room":"5"
   },
   {  
      "no":"139",
      "name":"金山金色陽光民宿",
      "tel":"0224989879",
      "fax":"",
      "address":"208新北市金山區下六股12之5號",
      "coordinate":"25.22609200, 121.62608600",
      "regular_price":"3680",
      "holiday_price":"6280",
      "room":"4"
   },
   {  
      "no":"140",
      "name":"輝明民宿",
      "tel":"0224976488",
      "fax":"",
      "address":"224新北市瑞芳區汽車路35之1號",
      "coordinate":"25.10996300, 121.84415200",
      "regular_price":"1200",
      "holiday_price":"2200",
      "room":"4"
   },
   {  
      "no":"141",
      "name":"萬里情懷民宿",
      "tel":"0224986611",
      "fax":"0224989011",
      "address":"207新北市萬里區萬里加投16之1號",
      "coordinate":"25.21072797, 121.65112747",
      "regular_price":"4280",
      "holiday_price":"4280",
      "room":"5"
   },
   {  
      "no":"142",
      "name":"山海觀民宿",
      "tel":"0224971568",
      "fax":"",
      "address":"224新北市瑞芳區基山街217號",
      "coordinate":"25.10808040, 121.84324490",
      "regular_price":"2400",
      "holiday_price":"3000",
      "room":"5"
   },
   {  
      "no":"143",
      "name":"莉塔屋民宿",
      "tel":"0224968091",
      "fax":"",
      "address":"224新北市瑞芳區汽車路35號",
      "coordinate":"25.10996300, 121.84415200",
      "regular_price":"1800",
      "holiday_price":"4000",
      "room":"5"
   },
   {  
      "no":"144",
      "name":"迦南民宿",
      "tel":"0932305216",
      "fax":"0224968366",
      "address":"224新北市瑞芳區汽車路48號",
      "coordinate":"25.10996300, 121.84415200",
      "regular_price":"2000",
      "holiday_price":"2000",
      "room":"1"
   },
   {  
      "no":"146",
      "name":"可洛可呆民宿",
      "tel":"0226363466",
      "fax":"",
      "address":"252新北市三芝區茂長里9鄰聽濤街5號",
      "coordinate":"25.25814680, 121.51071880",
      "regular_price":"2600",
      "holiday_price":"2600",
      "room":"2"
   },
   {  
      "no":"147",
      "name":"美術行館民宿",
      "tel":"0226363466",
      "fax":"0226360051",
      "address":"252新北市三芝區茂長里芝柏路38號",
      "coordinate":"25.25847621, 121.51018687",
      "regular_price":"2000",
      "holiday_price":"4000",
      "room":"3"
   },
   {  
      "no":"149",
      "name":"九份小町民宿",
      "tel":"0224976402",
      "fax":"",
      "address":"224新北市瑞芳區崙頂路70號",
      "coordinate":"25.107476, 121.8435279",
      "regular_price":"3600",
      "holiday_price":"4600",
      "room":"4"
   },
   {  
      "no":"150",
      "name":"九份惠風民宿",
      "tel":"0224062017",
      "fax":"0225586875",
      "address":"224新北市瑞芳區街頂巷41號",
      "coordinate":"25.10782900, 121.84462300",
      "regular_price":"2900",
      "holiday_price":"3900",
      "room":"2"
   },
   {  
      "no":"151",
      "name":"淺水灣小旅店民宿",
      "tel":"0935336747",
      "fax":"",
      "address":"252新北市三芝區後厝里北勢子45之12號",
      "coordinate":"25.25010600, 121.46731400",
      "regular_price":"1200",
      "holiday_price":"1200",
      "room":"1"
   },
   {  
      "no":"152",
      "name":"一間屋民宿",
      "tel":"0224992161",
      "fax":"",
      "address":"228新北市貢寮區福隆街2巷1之2號",
      "coordinate":"25.01592900, 121.94523800",
      "regular_price":"2000",
      "holiday_price":"4000",
      "room":"5"
   },
   {  
      "no":"153",
      "name":"允誠民宿",
      "tel":"0920365366",
      "fax":"",
      "address":"224新北市瑞芳區烏勢巷60之1號",
      "coordinate":"25.10891400, 121.84586800",
      "regular_price":"1200",
      "holiday_price":"2200",
      "room":"3"
   },
   {  
      "no":"154",
      "name":"幸福民宿",
      "tel":"0224931962",
      "fax":"0224934757",
      "address":"227新北市雙溪區太平路77號",
      "coordinate":"25.03541200, 121.86459700",
      "regular_price":"2400",
      "holiday_price":"3600",
      "room":"2"
   },
   {  
      "no":"155",
      "name":"晴天二館",
      "tel":"0224974115",
      "fax":"28763569",
      "address":"224新北市瑞芳區建基路二段27號",
      "coordinate":"25.13387800, 121.80673900",
      "regular_price":"3500",
      "holiday_price":"4500",
      "room":"3"
   },
   {  
      "no":"157",
      "name":"記憶九份民宿",
      "tel":"0224962315",
      "fax":"",
      "address":"224新北市瑞芳區豎崎路8號",
      "coordinate":"25.10939900, 121.84326300",
      "regular_price":"3800",
      "holiday_price":"3800",
      "room":"1"
   },
   {  
      "no":"158",
      "name":"觀音山鈺春民宿",
      "tel":"0222936555",
      "fax":"",
      "address":"248新北市五股區觀音里凌雲路三段82號之4",
      "coordinate":"25.11709900, 121.43167400",
      "regular_price":"4500",
      "holiday_price":"6500",
      "room":"5"
   },
   {  
      "no":"159",
      "name":"快樂天堂海景民宿",
      "tel":"0931534951",
      "fax":"",
      "address":"252新北市三芝區後厝里北勢子4之20號",
      "coordinate":"25.25003800, 121.48184100",
      "regular_price":"3200",
      "holiday_price":"3999",
      "room":"2"
   },
   {  
      "no":"160",
      "name":"5熊的家民宿",
      "tel":"0910798964",
      "fax":"",
      "address":"252新北市三芝區茂長里芝柏一街3之1號",
      "coordinate":"25.25598400, 121.51186600",
      "regular_price":"8000",
      "holiday_price":"8000",
      "room":"2"
   },
   {  
      "no":"161",
      "name":"和昇石門旗艦民宿",
      "tel":"0226382233",
      "fax":"0226382323",
      "address":"253新北市石門區石門里中央路1之25號",
      "coordinate":"25.29106300, 121.56009400",
      "regular_price":"5000",
      "holiday_price":"8600",
      "room":"5"
   },
   {  
      "no":"162",
      "name":"山水居民宿",
      "tel":"0224951003",
      "fax":"",
      "address":"226新北市平溪區嶺腳寮57號",
      "coordinate":"25.03115800, 121.74786200",
      "regular_price":"1500",
      "holiday_price":"1500",
      "room":"3"
   },
   {  
      "no":"163",
      "name":"雨天晴民宿",
      "tel":"0224961828",
      "fax":"",
      "address":"224新北市瑞芳區烏勢巷146號",
      "coordinate":"25.10919900, 121.84581400",
      "regular_price":"3000",
      "holiday_price":"3000",
      "room":"1"
   },
   {  
      "no":"164",
      "name":"九份愛琴海民宿",
      "tel":"0224968920",
      "fax":"",
      "address":"224新北市瑞芳區汽車路79之1號",
      "coordinate":"25.10959500, 121.84383500",
      "regular_price":"3400",
      "holiday_price":"4000",
      "room":"2"
   },
   {  
      "no":"165",
      "name":"淡築憩水",
      "tel":"0975377155",
      "fax":"",
      "address":"251新北市淡水區幸福里仁愛街1巷22號1至3樓",
      "coordinate":"25.17165500, 121.44602000",
      "regular_price":"1600",
      "holiday_price":"2800",
      "room":"4"
   },
   {  
      "no":"167",
      "name":"緹閣休閒民宿",
      "tel":"0224987555",
      "fax":"",
      "address":"207新北市萬里區員潭路54號",
      "coordinate":"25.20649400, 121.64680500",
      "regular_price":"2000",
      "holiday_price":"2200",
      "room":"5"
   },
   {  
      "no":"168",
      "name":"三芝小白屋花園民宿",
      "tel":"0286352326",
      "fax":"",
      "address":"252新北市三芝區芝柏路35號",
      "coordinate":"25.25591600, 121.51165100",
      "regular_price":"8800",
      "holiday_price":"16800",
      "room":"3"
   },
   {  
      "no":"169",
      "name":"櫻花村民宿",
      "tel":"0226369333",
      "fax":"",
      "address":"252新北市三芝區聽濤街23號",
      "coordinate":"25.25771800, 121.51158400",
      "regular_price":"3000",
      "holiday_price":"4100",
      "room":"2"
   },
   {  
      "no":"170",
      "name":"山水綠境",
      "tel":"0224933638",
      "fax":"0224931165",
      "address":"227新北市雙溪區內平林6之1號",
      "coordinate":"25.03075900, 121.83395300",
      "regular_price":"2500",
      "holiday_price":"6000",
      "room":"4"
   },
   {  
      "no":"171",
      "name":"暮光民宿",
      "tel":"0988393868",
      "fax":"",
      "address":"208新北市金山區忠義38號",
      "coordinate":"25.26060200, 121.62735600",
      "regular_price":"13800",
      "holiday_price":"13800",
      "room":"3"
   },
   {  
      "no":"172",
      "name":"迎旭知旅民宿",
      "tel":"0286351207",
      "fax":"0286351207",
      "address":"252新北市三芝區迎旭街55號",
      "coordinate":"25.25741000, 121.51043000",
      "regular_price":"3000",
      "holiday_price":"3000",
      "room":"1"
   },
   {  
      "no":"173",
      "name":"瑞濱民宿",
      "tel":"0224970622",
      "fax":"",
      "address":"224新北市瑞芳區瑞濱路阿美家園53號",
      "coordinate":"25.11725700, 121.82108900",
      "regular_price":"1200",
      "holiday_price":"1200",
      "room":"2"
   },
   {  
      "no":"174",
      "name":"香泉會館民宿",
      "tel":"0224080851",
      "fax":"0224080841",
      "address":"208新北市金山區名流路60號",
      "coordinate":"25.20704800, 121.59980200",
      "regular_price":"5000",
      "holiday_price":"10000",
      "room":"5"
   },
   {  
      "no":"175",
      "name":"山城別館民宿",
      "tel":"0224080860",
      "fax":"0224080841",
      "address":"208新北市金山區名流路62號",
      "coordinate":"25.20706200, 121.59967600",
      "regular_price":"5000",
      "holiday_price":"10000",
      "room":"5"
   },
   {  
      "no":"176",
      "name":"美好時光民宿",
      "tel":"0224960326",
      "fax":"0224960327",
      "address":"224新北市瑞芳區崙頂路39之2號",
      "coordinate":"25.10759600, 121.84483800",
      "regular_price":"3800",
      "holiday_price":"4800",
      "room":"5"
   },
   {  
      "no":"177",
      "name":"幸福王國溫馨民宿",
      "tel":"0226360458",
      "fax":"",
      "address":"252新北市三芝區茂長里觀海街2號",
      "coordinate":"25.25825000, 121.51012700",
      "regular_price":"3500",
      "holiday_price":"3500",
      "room":"1"
   },
   {  
      "no":"178",
      "name":"劉住春天民宿",
      "tel":"0228838265",
      "fax":"",
      "address":"208新北市金山區名流路10巷11號",
      "coordinate":"25.20276700, 121.59797800",
      "regular_price":"3000",
      "holiday_price":"3000",
      "room":"4"
   },
   {  
      "no":"180",
      "name":"日月民宿",
      "tel":"0226617705",
      "fax":"",
      "address":"233新北市烏來區烏來里烏來街85巷1號",
      "coordinate":"24.86397200, 121.55197300",
      "regular_price":"3600",
      "holiday_price":"6000",
      "room":"4"
   },
   {  
      "no":"181",
      "name":"十分旅人民宿",
      "tel":"0224958000",
      "fax":"0224958111",
      "address":"226新北市平溪區十分街170號",
      "coordinate":"25.04288100, 121.77738500",
      "regular_price":"4000",
      "holiday_price":"6400",
      "room":"3"
   },
   {  
      "no":"183",
      "name":"九份山城山海灣民宿",
      "tel":"0936361406",
      "fax":"0224269654",
      "address":"224新北市瑞芳區街頂巷22號",
      "coordinate":"25.10806200, 121.84455900",
      "regular_price":"1700",
      "holiday_price":"3100",
      "room":"3"
   },
   {  
      "no":"184",
      "name":"嶺腳火車站民宿",
      "tel":"0989939705",
      "fax":"",
      "address":"226新北市平溪區嶺腳寮27號",
      "coordinate":"25.03021000, 121.74803100",
      "regular_price":"2000",
      "holiday_price":"2000",
      "room":"2"
   },
   {  
      "no":"185",
      "name":"背包客休息棧民宿",
      "tel":"0224976029",
      "fax":"",
      "address":"224新北市瑞芳區海濱路51號",
      "coordinate":"25.12377000, 121.83121200",
      "regular_price":"1000",
      "holiday_price":"3000",
      "room":"5"
   },
   {  
      "no":"186",
      "name":"小角落民宿",
      "tel":"0938460100",
      "fax":"",
      "address":"224新北市瑞芳區坑尾巷1號",
      "coordinate":"25.11200600, 121.84419400",
      "regular_price":"2500",
      "holiday_price":"8000",
      "room":"5"
   },
   {  
      "no":"187",
      "name":"白水世界民宿",
      "tel":"0226616720",
      "fax":"0226616220",
      "address":"233新北市烏來區環山路112號1樓",
      "coordinate":"24.85687500, 121.54917200",
      "regular_price":"4000",
      "holiday_price":"5250",
      "room":"5"
   },
   {  
      "no":"188",
      "name":"花菓山民宿",
      "tel":"0226925252",
      "fax":"",
      "address":"223新北市石碇區烏塗里四分子8號",
      "coordinate":"24.96377700, 121.66363800",
      "regular_price":"12000",
      "holiday_price":"12000",
      "room":"3"
   },
   {  
      "no":"189",
      "name":"海霞您的家",
      "tel":"0935204895",
      "fax":"",
      "address":"228新北市貢寮區仁愛路38號",
      "coordinate":"25.053227, 121.925062",
      "regular_price":"1580",
      "holiday_price":"4580",
      "room":"5"
   },
   {  
      "no":"190",
      "name":"黃玉民宿",
      "tel":"0937056209",
      "fax":"",
      "address":"208新北市金山區月眉5之7號",
      "coordinate":"25.216958, 121.637524",
      "regular_price":"3800",
      "holiday_price":"5200",
      "room":"5"
   },
   {  
      "no":"191",
      "name":"逸閒居民宿",
      "tel":"0988339803",
      "fax":"",
      "address":"228新北市貢寮區福連街38號",
      "coordinate":"25.011342, 121.988556",
      "regular_price":"4500",
      "holiday_price":"6600",
      "room":"5"
   },
   {  
      "no":"192",
      "name":"九份寧靜海芳療民宿",
      "tel":"0224061488",
      "fax":"",
      "address":"224新北市瑞芳區石碑巷12號",
      "coordinate":"25.11193100, 121.79704900",
      "regular_price":"2800",
      "holiday_price":"2800",
      "room":"1"
   },
   {  
      "no":"193",
      "name":"晴悅民宿",
      "tel":"0224976408",
      "fax":"0227322309",
      "address":"224新北市瑞芳區基山街31巷27號",
      "coordinate":"25.11202600, 121.84772400",
      "regular_price":"1500",
      "holiday_price":"3000",
      "room":"4"
   },
   {  
      "no":"194",
      "name":"回家小旅店民宿",
      "tel":"0915819855",
      "fax":"",
      "address":"224新北市瑞芳區基山街194號",
      "coordinate":"25.10864500, 121.84335700",
      "regular_price":"2500",
      "holiday_price":"5000",
      "room":"3"
   },
   {  
      "no":"196",
      "name":"車頭頂民宿",
      "tel":"0229051670",
      "fax":"",
      "address":"226新北市平溪區十分街27號",
      "coordinate":"25.0409498, 121.7724193",
      "regular_price":"2500",
      "holiday_price":"4000",
      "room":"2"
   },
   {  
      "no":"197",
      "name":"魚旅",
      "tel":"0910071926",
      "fax":"",
      "address":"239新北市鶯歌區文化路171號",
      "coordinate":"24.954189, 121.355601",
      "regular_price":"2400",
      "holiday_price":"8000",
      "room":"3"
   },
   {  
      "no":"198",
      "name":"雙溪藝術的家~自然山舍民宿",
      "tel":"0224930000",
      "fax":"0224933000",
      "address":"227新北市雙溪區四分子3之1號",
      "coordinate":"25.019993, 121.801622",
      "regular_price":"2800",
      "holiday_price":"4600",
      "room":"5"
   },
   {  
      "no":"199",
      "name":"林園村莊民宿",
      "tel":"0224960575",
      "fax":"",
      "address":"224新北市瑞芳區佛堂巷62號",
      "coordinate":"25.10676, 121.841501",
      "regular_price":"1200",
      "holiday_price":"1500",
      "room":"3"
   },
   {  
      "no":"201",
      "name":"九份民宿謝叔叔",
      "tel":"0224969306",
      "fax":"",
      "address":"224新北市瑞芳區坑尾巷30號",
      "coordinate":"25.110899, 121.844044",
      "regular_price":"2000",
      "holiday_price":"2500",
      "room":"3"
   },
   {  
      "no":"202",
      "name":"張醫師的家民宿",
      "tel":"0227227768",
      "fax":"",
      "address":"208新北市金山區中信南路2巷11號",
      "coordinate":"25.201803, 121.596529",
      "regular_price":"2000",
      "holiday_price":"4000",
      "room":"3"
   },
   {  
      "no":"203",
      "name":"綠茵谷民宿",
      "tel":"0224934309",
      "fax":"",
      "address":"227新北市雙溪區新基北街72之2號",
      "coordinate":"25.040728, 121.869578",
      "regular_price":"2500",
      "holiday_price":"2500",
      "room":"3"
   },
   {  
      "no":"205",
      "name":"火車頭民宿",
      "tel":"0226235991",
      "fax":"",
      "address":"251新北市淡水區中正路34之4號",
      "coordinate":"25.169642, 121.443731",
      "regular_price":"2500",
      "holiday_price":"2800",
      "room":"3"
   },
   {  
      "no":"206",
      "name":"安逸民宿",
      "tel":"0224960967",
      "fax":"",
      "address":"224新北市瑞芳區輕便路117號",
      "coordinate":"25.10915, 121.844341",
      "regular_price":"1800",
      "holiday_price":"3100",
      "room":"5"
   },
   {  
      "no":"207",
      "name":"橙橙民宿",
      "tel":"0972367787",
      "fax":"",
      "address":"224新北市瑞芳區中正路10號2至4樓",
      "coordinate":"25.107157, 121.808696",
      "regular_price":"3200",
      "holiday_price":"4400",
      "room":"3"
   },
   {  
      "no":"208",
      "name":"隨喻而安民宿",
      "tel":"0226361708",
      "fax":"",
      "address":"252新北市三芝區晴光街11號",
      "coordinate":"25.257667, 121.510985",
      "regular_price":"3500",
      "holiday_price":"4500",
      "room":"3"
   },
   {  
      "no":"209",
      "name":"九份臥客棧民宿",
      "tel":"0905188676",
      "fax":"",
      "address":"224新北市瑞芳區石埤巷41號",
      "coordinate":"25.1082868, 121.8394116",
      "regular_price":"4000",
      "holiday_price":"8000",
      "room":"5"
   },
   {  
      "no":"210",
      "name":"九份岑品民宿",
      "tel":"0918035172",
      "fax":"",
      "address":"224新北市瑞芳區烏勢巷81號",
      "coordinate":"25.108906, 121.845546",
      "regular_price":"2500",
      "holiday_price":"3000",
      "room":"2"
   },
   {  
      "no":"211",
      "name":"夾腳拖的家山居民宿",
      "tel":"0905570688",
      "fax":"",
      "address":"224新北市瑞芳區基山街247號",
      "coordinate":"25.107135, 121.841235",
      "regular_price":"1800",
      "holiday_price":"3500",
      "room":"3"
   },
   {  
      "no":"212",
      "name":"回鄉民宿",
      "tel":"0224961598",
      "fax":"0223958687",
      "address":"224新北市瑞芳區洞頂路8號之1",
      "coordinate":"25.121684, 121.862046",
      "regular_price":"1600",
      "holiday_price":"8000",
      "room":"5"
   },
   {  
      "no":"213",
      "name":"櫻沐居民宿",
      "tel":"0224965130",
      "fax":"0224965138",
      "address":"224新北市瑞芳區輕便路95號2樓",
      "coordinate":"25.109048, 121.844877",
      "regular_price":"4280",
      "holiday_price":"6380",
      "room":"5"
   },
   {  
      "no":"214",
      "name":"幸福號角民宿",
      "tel":"0226261133",
      "fax":"",
      "address":"251新北市淡水區水源街一段149號",
      "coordinate":"25.171988, 121.447052",
      "regular_price":"2200",
      "holiday_price":"2200",
      "room":"4"
   },
   {  
      "no":"215",
      "name":"名流別墅民宿",
      "tel":"0938585966",
      "fax":"",
      "address":"208新北市金山區名流路16巷14號",
      "coordinate":"25.202680, 121.598734",
      "regular_price":"14000",
      "holiday_price":"14000",
      "room":"2"
   },
   {  
      "no":"216",
      "name":"慢慢民宿",
      "tel":"0224977466",
      "fax":"",
      "address":"224新北市瑞芳區基山街267號",
      "coordinate":"25.1072482, 121.8391882",
      "regular_price":"2800",
      "holiday_price":"3400",
      "room":"3"
   },
   {  
      "no":"217",
      "name":"小鳥敲門度假屋民宿",
      "tel":"0224931618",
      "fax":"0223223610",
      "address":"227新北市雙溪區新基東街15之3號",
      "coordinate":"25.041597, 121.873580",
      "regular_price":"3000",
      "holiday_price":"4200",
      "room":"4"
   },
   {  
      "no":"218",
      "name":"南瓜大叔民宿",
      "tel":"0286353450",
      "fax":"",
      "address":"252新北市三芝區迎旭街38號",
      "coordinate":"25.256907, 121.510590",
      "regular_price":"2000",
      "holiday_price":"4000",
      "room":"3"
   },
   {  
      "no":"219",
      "name":"這一站幸福民宿",
      "tel":"0226261133",
      "fax":"0226261133",
      "address":"251新北市淡水區水源街一段151號",
      "coordinate":"25.171791, 121.447711",
      "regular_price":"2200",
      "holiday_price":"2200",
      "room":"3"
   },
   {  
      "no":"220",
      "name":"幸福圓點民宿",
      "tel":"0226220007",
      "fax":"",
      "address":"251新北市淡水區英專路21巷30號2樓",
      "coordinate":"25.170037, 121.444492",
      "regular_price":"2200",
      "holiday_price":"2200",
      "room":"2"
   },
   {  
      "no":"221",
      "name":"九份山城溫度民宿",
      "tel":"0937093724",
      "fax":"",
      "address":"224新北市瑞芳區佛堂巷28號",
      "coordinate":"25.106696, 121.841493",
      "regular_price":"3200",
      "holiday_price":"3200",
      "room":"1"
   },
   {  
      "no":"222",
      "name":"散散步民宿",
      "tel":"0981885933",
      "fax":"",
      "address":"224新北市瑞芳區洞頂路325號",
      "coordinate":"25.1225845, 121.8585897",
      "regular_price":"2800",
      "holiday_price":"2800",
      "room":"1"
   },
   {  
      "no":"223",
      "name":"紅裡子民宿",
      "tel":"0987091831",
      "fax":"",
      "address":"226新北市平溪區三坑15號",
      "coordinate":"25.031132, 121.735462",
      "regular_price":"5400",
      "holiday_price":"5400",
      "room":"1"
   },
   {  
      "no":"224",
      "name":"自由空間青年民宿",
      "tel":"0939788892",
      "fax":"",
      "address":"224新北市瑞芳區中正路77號(第2層)",
      "coordinate":"25.107555, 121.805464",
      "regular_price":"650",
      "holiday_price":"16000",
      "room":"1"
   },
   {  
      "no":"225",
      "name":"天水民宿",
      "tel":"0224962839",
      "fax":"",
      "address":"224新北市瑞芳區洞頂路253號",
      "coordinate":"25.12251, 121.86027",
      "regular_price":"3000",
      "holiday_price":"3000",
      "room":"3"
   },
   {  
      "no":"226",
      "name":"清芳民宿",
      "tel":"0224972075",
      "fax":"",
      "address":"224新北市瑞芳區民生街30巷14號",
      "coordinate":"25.107777, 121.805873",
      "regular_price":"1600",
      "holiday_price":"2100",
      "room":"4"
   },
   {  
      "no":"227",
      "name":"璞真民宿",
      "tel":"0224980082",
      "fax":"",
      "address":"208新北市金山區頂六股2之1號",
      "coordinate":"25.222010, 121.613989",
      "regular_price":"3200",
      "holiday_price":"4600",
      "room":"5"
   },
   {  
      "no":"228",
      "name":"金色小棧民宿",
      "tel":"0224973577",
      "fax":"0224968289",
      "address":"224新北市瑞芳區中正路22之2號",
      "coordinate":"25.107160, 121.808258",
      "regular_price":"3600",
      "holiday_price":"9000",
      "room":"3"
   },
   {  
      "no":"229",
      "name":"九份朵拉民宿",
      "tel":"0905268527",
      "fax":"",
      "address":"224新北市瑞芳區佛堂巷61號",
      "coordinate":"25.106480, 121.841825",
      "regular_price":"3800",
      "holiday_price":"3800",
      "room":"1"
   },
   {  
      "no":"230",
      "name":"九份巷居民宿",
      "tel":"0224967380",
      "fax":"",
      "address":"224新北市瑞芳區佛堂巷11號",
      "coordinate":"25.106697, 121.841987",
      "regular_price":"2800",
      "holiday_price":"3600",
      "room":"2"
   },
   {  
      "no":"231",
      "name":"山茶雅舍民宿",
      "tel":"0932844293",
      "fax":"0224969966",
      "address":"224新北市瑞芳區基山街241號",
      "coordinate":"25.1070679, 121.8393565",
      "regular_price":"4200",
      "holiday_price":"4200",
      "room":"1"
   },
   {  
      "no":"232",
      "name":"九份山城逸境民宿",
      "tel":"0920231712",
      "fax":"",
      "address":"224新北市瑞芳區基山街195號",
      "coordinate":"25.107882, 121.842983",
      "regular_price":"5200",
      "holiday_price":"8200",
      "room":"2"
   },
   {  
      "no":"233",
      "name":"九份樓上有閒民宿",
      "tel":"0929990407",
      "fax":"",
      "address":"224新北市瑞芳區基山街197號",
      "coordinate":"25.107492, 121.842384",
      "regular_price":"5200",
      "holiday_price":"5200",
      "room":"1"
   },
   {  
      "no":"234",
      "name":"日皇民宿",
      "tel":"0224082669",
      "fax":"",
      "address":"207新北市萬里區萬里加投35之3號",
      "coordinate":"25.213644, 121.645618",
      "regular_price":"5600",
      "holiday_price":"5600",
      "room":"4"
   },
   {  
      "no":"235",
      "name":"幸福山行民宿",
      "tel":"0224952748",
      "fax":"",
      "address":"226新北市平溪區靜安路2段274巷10號",
      "coordinate":"25.022311, 121.728260",
      "regular_price":"5600",
      "holiday_price":"10000",
      "room":"4"
   },
   {  
      "no":"236",
      "name":"九份-山嶼海親子民宿",
      "tel":"0973096523",
      "fax":"",
      "address":"224新北市瑞芳區汽車路80號",
      "coordinate":"25.109931, 121.844271",
      "regular_price":"7000",
      "holiday_price":"9000",
      "room":"5"
   },
   {  
      "no":"237",
      "name":"老松的家民宿",
      "tel":"0224979117",
      "fax":"",
      "address":"224新北市瑞芳區輕便路268號",
      "coordinate":"25.109157, 121.844447",
      "regular_price":"1200",
      "holiday_price":"1200",
      "room":"5"
   },
   {  
      "no":"239",
      "name":"淡水嶘民宿",
      "tel":"0966553931",
      "fax":"",
      "address":"251新北市淡水區長興街31號",
      "coordinate":"25.171224, 121.443942",
      "regular_price":"2200",
      "holiday_price":"5800",
      "room":"4"
   },
   {  
      "no":"240",
      "name":"海洋之家民宿",
      "tel":"0224927690",
      "fax":"0224921378",
      "address":"207新北市萬里區港東路9號",
      "coordinate":"25.203349, 121.686740",
      "regular_price":"3000",
      "holiday_price":"6600",
      "room":"4"
   },
   {  
      "no":"241",
      "name":"北海道民宿",
      "tel":"0963309522",
      "fax":"",
      "address":"226新北市平溪區白石腳1號",
      "coordinate":"25.021997, 121.721810",
      "regular_price":"1500",
      "holiday_price":"3000",
      "room":"3"
   },
   {  
      "no":"242",
      "name":"葳葦民宿",
      "tel":"0224080846",
      "fax":"",
      "address":"208新北市金山區六股林口72之3號",
      "coordinate":"25.2181708, 121.5996653",
      "regular_price":"3600",
      "holiday_price":"5000",
      "room":"2"
   },
   {  
      "no":"243",
      "name":"第一站背包客青旅民宿",
      "tel":"0911886162",
      "fax":"",
      "address":"224新北市瑞芳區八號巷24號",
      "coordinate":"25.110460, 121.841678",
      "regular_price":"2800",
      "holiday_price":"2800",
      "room":"1"
   },
   {  
      "no":"244",
      "name":"九份 sea cafe 民宿",
      "tel":"0224961611",
      "fax":"",
      "address":"224新北市瑞芳區明里路166號",
      "coordinate":"25.118019, 121.859489",
      "regular_price":"2800",
      "holiday_price":"2800",
      "room":"1"
   },
   {  
      "no":"245",
      "name":"當我們同在一起民宿",
      "tel":"0227253104",
      "fax":"0227251808",
      "address":"208新北市金山區山城路58號",
      "coordinate":"25.201467, 121.595299",
      "regular_price":"4500",
      "holiday_price":"6000",
      "room":"2"
   },
   {  
      "no":"246",
      "name":"澳底灣民宿",
      "tel":"0224901513",
      "fax":"",
      "address":"228新北市貢寮區新港街31巷2號",
      "coordinate":"25.055276, 121.925449",
      "regular_price":"5000",
      "holiday_price":"2500",
      "room":"3"
   },
   {  
      "no":"247",
      "name":"龍崗莊園",
      "tel":"0224942809",
      "fax":"",
      "address":"228新北市貢寮區龍崗里嵩陽街46號",
      "coordinate":"25.01340100, 121.90458400",
      "regular_price":"2000",
      "holiday_price":"2500",
      "room":"4"
   },
   {  
      "no":"248",
      "name":"祈堂小巷民宿",
      "tel":"0921642751",
      "fax":"",
      "address":"224新北市瑞芳區祈堂路148號",
      "coordinate":"25.109390, 121.858598",
      "regular_price":"2800",
      "holiday_price":"2800",
      "room":"1"
   },
   {  
      "no":"250",
      "name":"萬里雲頂民宿",
      "tel":"0224929360",
      "fax":"",
      "address":"207新北市萬里區太和7之10號",
      "coordinate":"25.165371, 121.667640",
      "regular_price":"18000",
      "holiday_price":"22000",
      "room":"4"
   },
   {  
      "no":"251",
      "name":"未央居景觀民宿",
      "tel":"0932684356",
      "fax":"",
      "address":"224新北市瑞芳區輕便路1之1號",
      "coordinate":"25.111644, 121.846930",
      "regular_price":"6000",
      "holiday_price":"9000",
      "room":"3"
   },
   {  
      "no":"252",
      "name":"雲頂民宿",
      "tel":"0226617755",
      "fax":"0226616971",
      "address":"233新北市烏來區西羅岸路45號",
      "coordinate":"24.863823, 121.546476",
      "regular_price":"2000",
      "holiday_price":"3000",
      "room":"2"
   },
   {  
      "no":"253",
      "name":"台北yes民宿",
      "tel":"0909943968",
      "fax":"",
      "address":"251新北市淡水區長興街24號",
      "coordinate":"25.171112, 121.443968",
      "regular_price":"2000",
      "holiday_price":"6000",
      "room":"3"
   },
   {  
      "no":"254",
      "name":"九份故事樓民宿",
      "tel":"0224973628",
      "fax":"0224973938",
      "address":"224新北市瑞芳區汽車路93之2號3樓",
      "coordinate":"25.109387, 121.842727",
      "regular_price":"1000",
      "holiday_price":"12000",
      "room":"2"
   },
   {  
      "no":"255",
      "name":"金礦晶民宿",
      "tel":"0933202973",
      "fax":"",
      "address":"224新北市瑞芳區金光路34之1號",
      "coordinate":"25.108194, 121.856660",
      "regular_price":"3000",
      "holiday_price":"5000",
      "room":"5"
   },
   {  
      "no":"256",
      "name":"皇宮民宿",
      "tel":"0224952021",
      "fax":"",
      "address":"226新北市平溪區白石腳5號",
      "coordinate":"25.0216117, 121.719621",
      "regular_price":"3200",
      "holiday_price":"4800",
      "room":"2"
   },
   {  
      "no":"257",
      "name":"趣山上民宿",
      "tel":"0226412459",
      "fax":"0287730726",
      "address":"221新北市汐止區汐平路2段92巷7號",
      "coordinate":"25.064639, 121.695553",
      "regular_price":"3600",
      "holiday_price":"4100",
      "room":"5"
   },
   {  
      "no":"258",
      "name":"十三層民宿",
      "tel":"0928511389",
      "fax":"",
      "address":"224新北市瑞芳區長仁路36之2號",
      "coordinate":"25.117792, 121.865647",
      "regular_price":"4000",
      "holiday_price":"8000",
      "room":"4"
   },
   {  
      "no":"259",
      "name":"旅行邦尼",
      "tel":"0226218707",
      "fax":"0226218702",
      "address":"251新北市淡水區中山路87巷7號",
      "coordinate":"25.170282, 121.442423",
      "regular_price":"1800",
      "holiday_price":"5400",
      "room":"5"
   },
   {  
      "no":"260",
      "name":"魚礁十五號民宿",
      "tel":"0933929603",
      "fax":"",
      "address":"224新北市瑞芳區建基路2段15號2樓",
      "coordinate":"25.133008, 121.807319",
      "regular_price":"0",
      "holiday_price":"10000",
      "room":"3"
   },
   {  
      "no":"261",
      "name":"十分佳璟民宿",
      "tel":"0909878698",
      "fax":"",
      "address":"226新北市平溪區十分街58巷14號",
      "coordinate":"25.042548, 121.775027",
      "regular_price":"0",
      "holiday_price":"2700",
      "room":"2"
   },
   {  
      "no":"262",
      "name":"正德居民宿",
      "tel":"0939139079",
      "fax":"",
      "address":"237新北市三峽區有木里145號",
      "coordinate":"24.848732, 121.444899",
      "regular_price":"4500",
      "holiday_price":"6000",
      "room":"2"
   },
   {  
      "no":"263",
      "name":"月河民宿",
      "tel":"0938752202",
      "fax":"",
      "address":"224新北市瑞芳區祈堂路130號",
      "coordinate":"25.110077, 121.858157",
      "regular_price":"2200",
      "holiday_price":"2200",
      "room":"1"
   },
   {  
      "no":"264",
      "name":"巴拉卡民宿",
      "tel":"0226371411",
      "fax":"",
      "address":"252新北市三芝區車埕18之3號",
      "coordinate":"25.186090, 121.525241",
      "regular_price":"5000",
      "holiday_price":"5000",
      "room":"4"
   },
   {  
      "no":"265",
      "name":"天馬民宿",
      "tel":"0224962055",
      "fax":"",
      "address":"224新北市瑞芳區新山路33號",
      "coordinate":"25.108968, 121.852785",
      "regular_price":"4200",
      "holiday_price":"4200",
      "room":"1"
   },
   {  
      "no":"266",
      "name":"新芝蘭民宿",
      "tel":"0226368822",
      "fax":"",
      "address":"252新北市三芝區蕃社后41之5號",
      "coordinate":"25.272964, 121.502460",
      "regular_price":"2200",
      "holiday_price":"2200",
      "room":"4"
   }
]