[
	{
		"id": "030",
		"name": "南港軟體園區",
		"line": "文山內湖線",
		"address": "115台灣台北市南港區捷運南港軟體園區站",
		"latitude": 25.059904,
		"longitude": 121.615952
	},
	{
		"id": "031",
		"name": "南港展覽館",
		"line": "文山內湖線",
		"address": "115台灣台北市南港區捷運南港展覽館站",
		"latitude": 25.055368,
		"longitude": 121.6176
	},
	{
		"id": "029",
		"name": "東湖",
		"line": "文山內湖線",
		"address": "114台灣台北市內湖區捷運東湖站",
		"latitude": 25.067247,
		"longitude": 121.611504
	},
	{
		"id": "028",
		"name": "葫洲",
		"line": "文山內湖線",
		"address": "114台灣台北市內湖區捷運葫洲站",
		"latitude": 25.072701,
		"longitude": 121.607158
	},
	{
		"id": "027",
		"name": "大湖公園",
		"line": "文山內湖線",
		"address": "114台灣台北市內湖區捷運大湖公園站",
		"latitude": 25.083844,
		"longitude": 121.60214
	},
	{
		"id": "026",
		"name": "內湖",
		"line": "文山內湖線",
		"address": "114台灣台北市內湖區捷運內湖站",
		"latitude": 25.08366,
		"longitude": 121.594407
	},
	{
		"id": "025",
		"name": "文德",
		"line": "文山內湖線",
		"address": "114台灣台北市內湖區捷運文德站",
		"latitude": 25.078531,
		"longitude": 121.584761
	},
	{
		"id": "024",
		"name": "港墘",
		"line": "文山內湖線",
		"address": "114台灣台北市內湖區捷運港墘站",
		"latitude": 25.080027,
		"longitude": 121.57508
	},
	{
		"id": "023",
		"name": "西湖",
		"line": "文山內湖線",
		"address": "114台灣台北市內湖區捷運西湖站",
		"latitude": 25.082133,
		"longitude": 121.567213
	},
	{
		"id": "022",
		"name": "劍南路",
		"line": "文山內湖線",
		"address": "104台灣台北市中山區捷運劍南路站",
		"latitude": 25.084853,
		"longitude": 121.555592
	},
	{
		"id": "021",
		"name": "大直",
		"line": "文山內湖線",
		"address": "104台灣台北市中山區捷運大直站",
		"latitude": 25.079476,
		"longitude": 121.546894
	},
	{
		"id": "007",
		"name": "松山機場",
		"line": "文山內湖線",
		"address": "105台灣台北市松山區捷運松山機場站",
		"latitude": 25.063,
		"longitude": 121.551995
	},
	{
		"id": "008",
		"name": "中山國中",
		"line": "文山內湖線",
		"address": "105台灣台北市松山區捷運中山國中站",
		"latitude": 25.060848,
		"longitude": 121.544226
	},
	{
		"id": "009",
		"name": "南京東路",
		"line": "文山內湖線",
		"address": "104台灣台北市中山區捷運南京東路站",
		"latitude": 25.052317,
		"longitude": 121.544011
	},
	{
		"id": "010",
		"name": "忠孝復興",
		"line": "文山內湖線",
		"address": "106台灣台北市大安區捷運忠孝復興站",
		"latitude": 25.041629,
		"longitude": 121.543767
	},
	{
		"id": "011",
		"name": "大安",
		"line": "文山內湖線",
		"address": "106台灣台北市大安區捷運大安站",
		"latitude": 25.033254,
		"longitude": 121.543565
	},
	{
		"id": "012",
		"name": "科技大樓",
		"line": "文山內湖線",
		"address": "106台灣台北市大安區捷運科技大樓站",
		"latitude": 25.026124,
		"longitude": 121.543437
	},
	{
		"id": "013",
		"name": "六張犁",
		"line": "文山內湖線",
		"address": "106台灣台北市大安區捷運六張犁站",
		"latitude": 25.023739,
		"longitude": 121.553004
	},
	{
		"id": "014",
		"name": "麟光",
		"line": "文山內湖線",
		"address": "106台灣台北市大安區捷運麟光站",
		"latitude": 25.018535,
		"longitude": 121.558791
	},
	{
		"id": "015",
		"name": "辛亥",
		"line": "文山內湖線",
		"address": "116台灣台北市文山區捷運辛亥站",
		"latitude": 25.005475,
		"longitude": 121.557107
	},
	{
		"id": "016",
		"name": "萬芳醫院",
		"line": "文山內湖線",
		"address": "116台灣台北市文山區捷運萬芳醫院站",
		"latitude": 24.999385,
		"longitude": 121.558151
	},
	{
		"id": "017",
		"name": "萬芳社區",
		"line": "文山內湖線",
		"address": "116台灣台北市文山區捷運萬芳社區站",
		"latitude": 24.998585,
		"longitude": 121.568102
	},
	{
		"id": "018",
		"name": "木柵",
		"line": "文山內湖線",
		"address": "116台灣台北市文山區捷運木柵站",
		"latitude": 24.99824,
		"longitude": 121.573145
	},
	{
		"id": "019",
		"name": "動物園",
		"line": "文山內湖線",
		"address": "116台灣台北市文山區捷運動物園站",
		"latitude": 24.998197,
		"longitude": 121.579338
	},
	{
		"id": "071",
		"name": "淡水",
		"line": "淡水、信義線",
		"address": "251台灣新北市淡水區捷運淡水站",
		"latitude": 25.167817,
		"longitude": 121.44556
	},
	{
		"id": "070",
		"name": "紅樹林",
		"line": "淡水、信義線",
		"address": "251台灣新北市淡水區捷運紅樹林站",
		"latitude": 25.154042,
		"longitude": 121.458871
	},
	{
		"id": "069",
		"name": "竹圍",
		"line": "淡水、信義線",
		"address": "251台灣新北市淡水區捷運竹圍站",
		"latitude": 25.13694,
		"longitude": 121.459479
	},
	{
		"id": "068",
		"name": "關渡",
		"line": "淡水、信義線",
		"address": "112台灣台北市北投區捷運關渡站",
		"latitude": 25.125632,
		"longitude": 121.467102
	},
	{
		"id": "067",
		"name": "忠義",
		"line": "淡水、信義線",
		"address": "112台灣台北市北投區捷運忠義站",
		"latitude": 25.130969,
		"longitude": 121.473409
	},
	{
		"id": "066",
		"name": "復興崗",
		"line": "淡水、信義線",
		"address": "112台灣台北市北投區捷運復興崗站",
		"latitude": 25.137473,
		"longitude": 121.485444
	},
	{
		"id": "064",
		"name": "北投",
		"line": "淡水、信義線",
		"address": "112台灣台北市北投區捷運北投站",
		"latitude": 25.13184,
		"longitude": 121.498632
	},
	{
		"id": "065",
		"name": "新北投",
		"line": "淡水、信義線",
		"address": "112台灣台北市北投區捷運新北投站",
		"latitude": 25.136932,
		"longitude": 121.502529
	},
	{
		"id": "063",
		"name": "奇岩",
		"line": "淡水、信義線",
		"address": "112台灣台北市北投區捷運奇岩站",
		"latitude": 25.125491,
		"longitude": 121.501132
	},
	{
		"id": "062",
		"name": "唭哩岸",
		"line": "淡水、信義線",
		"address": "112台灣台北市北投區捷運唭哩岸站",
		"latitude": 25.120871,
		"longitude": 121.506252
	},
	{
		"id": "061",
		"name": "石牌",
		"line": "淡水、信義線",
		"address": "112台灣台北市北投區捷運石牌站",
		"latitude": 25.114523,
		"longitude": 121.515559
	},
	{
		"id": "060",
		"name": "明德",
		"line": "淡水、信義線",
		"address": "112台灣台北市北投區捷運明德站",
		"latitude": 25.10972,
		"longitude": 121.518848
	},
	{
		"id": "059",
		"name": "芝山",
		"line": "淡水、信義線",
		"address": "111台灣台北市士林區捷運芝山站",
		"latitude": 25.103059,
		"longitude": 121.522513
	},
	{
		"id": "058",
		"name": "士林",
		"line": "淡水、信義線",
		"address": "111台灣台北市士林區捷運士林站",
		"latitude": 25.093535,
		"longitude": 121.526229
	},
	{
		"id": "057",
		"name": "劍潭",
		"line": "淡水、信義線",
		"address": "111台灣台北市士林區捷運劍潭站",
		"latitude": 25.084873,
		"longitude": 121.525077
	},
	{
		"id": "056",
		"name": "圓山",
		"line": "淡水、信義線",
		"address": "103台灣台北市大同區捷運圓山站",
		"latitude": 25.071353,
		"longitude": 121.520118
	},
	{
		"id": "055",
		"name": "民權西路",
		"line": "淡水、信義線",
		"address": "103台灣台北市大同區捷運民權西路站",
		"latitude": 25.062905,
		"longitude": 121.519319
	},
	{
		"id": "054",
		"name": "雙連",
		"line": "淡水、信義線",
		"address": "104台灣台北市中山區捷運雙連站",
		"latitude": 25.057804,
		"longitude": 121.520627
	},
	{
		"id": "053",
		"name": "中山",
		"line": "淡水、信義線",
		"address": "104台灣台北市中山區捷運中山站",
		"latitude": 25.052685,
		"longitude": 121.520391
	},
	{
		"id": "051",
		"name": "台北車站",
		"line": "淡水、信義線",
		"address": "100台灣台北市中正區捷運台北車站",
		"latitude": 25.046254,
		"longitude": 121.517532
	},
	{
		"id": "050",
		"name": "台大醫院",
		"line": "淡水、信義線",
		"address": "100台灣台北市中正區捷運台大醫院站",
		"latitude": 25.041256,
		"longitude": 121.51604
	},
	{
		"id": "042",
		"name": "中正紀念堂",
		"line": "淡水、信義線",
		"address": "100台灣台北市中正區捷運中正紀念堂站",
		"latitude": 25.032729,
		"longitude": 121.51827
	},
	{
		"id": "134",
		"name": "東門",
		"line": "淡水、信義線",
		"address": "100台灣台北市中正區捷運東門站",
		"latitude": 25.033847,
		"longitude": 121.528739
	},
	{
		"id": "103",
		"name": "大安森林公園",
		"line": "淡水、信義線",
		"address": "106台灣台北市大安區捷運大安森林公園站",
		"latitude": 25.033534,
		"longitude": 121.534869
	},
	{
		"id": "011",
		"name": "大安",
		"line": "淡水、信義線",
		"address": "106台灣台北市大安區捷運大安站",
		"latitude": 25.033254,
		"longitude": 121.543565
	},
	{
		"id": "101",
		"name": "信義安和",
		"line": "淡水、信義線",
		"address": "106台灣台北市大安區捷運信義安和站",
		"latitude": 25.033116,
		"longitude": 121.552798
	},
	{
		"id": "100",
		"name": "台北101/世貿",
		"line": "淡水、信義線",
		"address": "110台灣台北市信義區捷運台北101/世貿站",
		"latitude": 25.032933,
		"longitude": 121.562591
	},
	{
		"id": "099",
		"name": "象山",
		"line": "淡水、信義線",
		"address": "110台灣台北市信義區捷運象山站",
		"latitude": 25.032765,
		"longitude": 121.570354
	},
	{
		"id": "043",
		"name": "小南門",
		"line": "小南門、新店線",
		"address": "100台灣台北市中正區捷運小南門站",
		"latitude": 25.035546,
		"longitude": 121.510857
	},
	{
		"id": "041",
		"name": "古亭",
		"line": "小南門、新店線",
		"address": "100台灣台北市中正區捷運古亭站",
		"latitude": 25.026356,
		"longitude": 121.522872
	},
	{
		"id": "040",
		"name": "台電大樓",
		"line": "小南門、新店線",
		"address": "106台灣台北市大安區捷運台電大樓站",
		"latitude": 25.020724,
		"longitude": 121.528167
	},
	{
		"id": "039",
		"name": "公館",
		"line": "小南門、新店線",
		"address": "106台灣台北市大安區捷運公館站",
		"latitude": 25.014907,
		"longitude": 121.534215
	},
	{
		"id": "038",
		"name": "萬隆",
		"line": "小南門、新店線",
		"address": "116台灣台北市文山區捷運萬隆站",
		"latitude": 25.001853,
		"longitude": 121.539051
	},
	{
		"id": "037",
		"name": "景美",
		"line": "小南門、新店線",
		"address": "116台灣台北市文山區捷運景美站",
		"latitude": 24.992848,
		"longitude": 121.540782
	},
	{
		"id": "036",
		"name": "大坪林",
		"line": "小南門、新店線",
		"address": "231台灣新北市新店區捷運大坪林站",
		"latitude": 24.982899,
		"longitude": 121.541351
	},
	{
		"id": "035",
		"name": "七張",
		"line": "小南門、新店線",
		"address": "231台灣新北市新店區捷運七張站",
		"latitude": 24.975168,
		"longitude": 121.542942
	},
	{
		"id": "032",
		"name": "小碧潭",
		"line": "小南門、新店線",
		"address": "231台灣新北市新店區捷運小碧潭站",
		"latitude": 24.971906,
		"longitude": 121.530338
	},
	{
		"id": "034",
		"name": "新店區公所",
		"line": "小南門、新店線",
		"address": "231台灣新北市新店區捷運新店區公所站",
		"latitude": 24.967393,
		"longitude": 121.541309
	},
	{
		"id": "033",
		"name": "新店",
		"line": "小南門、新店線",
		"address": "231台灣新北市新店區捷運新店站",
		"latitude": 24.957855,
		"longitude": 121.537583
	},
	{
		"id": "048",
		"name": "南勢角",
		"line": "中和、蘆洲、新莊線",
		"address": "235台灣新北市中和區捷運南勢角站",
		"latitude": 24.990044,
		"longitude": 121.509237
	},
	{
		"id": "047",
		"name": "景安",
		"line": "中和、蘆洲、新莊線",
		"address": "235台灣新北市中和區捷運景安站",
		"latitude": 24.993905,
		"longitude": 121.505113
	},
	{
		"id": "046",
		"name": "永安市場",
		"line": "中和、蘆洲、新莊線",
		"address": "235台灣新北市中和區捷運永安市場站",
		"latitude": 25.002876,
		"longitude": 121.51123
	},
	{
		"id": "045",
		"name": "頂溪",
		"line": "中和、蘆洲、新莊線",
		"address": "234台灣新北市永和區捷運頂溪站",
		"latitude": 25.01382,
		"longitude": 121.515484
	},
	{
		"id": "041",
		"name": "古亭",
		"line": "中和、蘆洲、新莊線",
		"address": "100台灣台北市中正區捷運古亭站",
		"latitude": 25.026356,
		"longitude": 121.522872
	},
	{
		"id": "134",
		"name": "東門",
		"line": "中和、蘆洲、新莊線",
		"address": "100台灣台北市中正區捷運東門站",
		"latitude": 25.033847,
		"longitude": 121.528739
	},
	{
		"id": "089",
		"name": "忠孝新生",
		"line": "中和、蘆洲、新莊線",
		"address": "106台灣台北市大安區捷運忠孝新生站",
		"latitude": 25.042355,
		"longitude": 121.532904
	},
	{
		"id": "132",
		"name": "松江南京",
		"line": "中和、蘆洲、新莊線",
		"address": "104台灣台北市中山區捷運松江南京站",
		"latitude": 25.052015,
		"longitude": 121.533075
	},
	{
		"id": "131",
		"name": "行天宮",
		"line": "中和、蘆洲、新莊線",
		"address": "104台灣台北市中山區捷運行天宮站",
		"latitude": 25.059717,
		"longitude": 121.533184
	},
	{
		"id": "130",
		"name": "中山國小",
		"line": "中和、蘆洲、新莊線",
		"address": "104台灣台北市中山區捷運中山國小站",
		"latitude": 25.062693,
		"longitude": 121.526418
	},
	{
		"id": "055",
		"name": "民權西路",
		"line": "中和、蘆洲、新莊線",
		"address": "103台灣台北市大同區捷運民權西路站",
		"latitude": 25.062905,
		"longitude": 121.519319
	},
	{
		"id": "128",
		"name": "大橋頭",
		"line": "中和、蘆洲、新莊線",
		"address": "103台灣台北市大同區捷運大橋頭站",
		"latitude": 25.063199,
		"longitude": 121.512801
	},
	{
		"id": "178",
		"name": "三重國小",
		"line": "中和、蘆洲、新莊線",
		"address": "241台灣新北市三重區捷運三重國小站",
		"latitude": 25.070318,
		"longitude": 121.496904
	},
	{
		"id": "177",
		"name": "三和國中",
		"line": "中和、蘆洲、新莊線",
		"address": "241台灣新北市三重區捷運三和國中站",
		"latitude": 25.076858,
		"longitude": 121.486346
	},
	{
		"id": "176",
		"name": "徐匯中學",
		"line": "中和、蘆洲、新莊線",
		"address": "247台灣新北市蘆洲區捷運徐匯中學站",
		"latitude": 25.080727,
		"longitude": 121.479673
	},
	{
		"id": "175",
		"name": "三民高中",
		"line": "中和、蘆洲、新莊線",
		"address": "247台灣新北市蘆洲區捷運三民高中站",
		"latitude": 25.085456,
		"longitude": 121.473389
	},
	{
		"id": "174",
		"name": "蘆洲",
		"line": "中和、蘆洲、新莊線",
		"address": "247台灣新北市蘆洲區捷運蘆洲站",
		"latitude": 25.091553,
		"longitude": 121.464471
	},
	{
		"id": "127",
		"name": "台北橋",
		"line": "中和、蘆洲、新莊線",
		"address": "241台灣新北市三重區捷運台北橋站",
		"latitude": 25.063274,
		"longitude": 121.500762
	},
	{
		"id": "126",
		"name": "菜寮",
		"line": "中和、蘆洲、新莊線",
		"address": "241台灣新北市三重區捷運菜寮站",
		"latitude": 25.060274,
		"longitude": 121.492156
	},
	{
		"id": "125",
		"name": "三重",
		"line": "中和、蘆洲、新莊線",
		"address": "241台灣新北市三重區捷運三重站",
		"latitude": 25.055791,
		"longitude": 121.484725
	},
	{
		"id": "124",
		"name": "先嗇宮",
		"line": "中和、蘆洲、新莊線",
		"address": "241台灣新北市三重區捷運先嗇宮站",
		"latitude": 25.046493,
		"longitude": 121.471916
	},
	{
		"id": "123",
		"name": "頭前庄",
		"line": "中和、蘆洲、新莊線",
		"address": "242台灣新北市新莊區捷運頭前庄站",
		"latitude": 25.039705,
		"longitude": 121.461746
	},
	{
		"id": "122",
		"name": "新莊",
		"line": "中和、蘆洲、新莊線",
		"address": "242台灣新北市新莊區捷運新莊站",
		"latitude": 25.036125,
		"longitude": 121.452468
	},
	{
		"id": "121",
		"name": "輔大",
		"line": "中和、蘆洲、新莊線",
		"address": "242台灣新北市新莊區捷運輔大站",
		"latitude": 25.032718,
		"longitude": 121.43547
	},
	{
		"id": "180",
		"name": "丹鳳",
		"line": "中和、蘆洲、新莊線",
		"address": "242台灣新北市新莊區捷運丹鳳站",
		"latitude": 25.028893,
		"longitude": 121.422685
	},
	{
		"id": "179",
		"name": "迴龍",
		"line": "中和、蘆洲、新莊線",
		"address": "242台灣新北市新莊區捷運迴龍站",
		"latitude": 25.022107,
		"longitude": 121.411771
	},
	{
		"id": "031",
		"name": "南港展覽館",
		"line": "南港、板橋、土城線",
		"address": "115台灣台北市南港區捷運南港展覽館站",
		"latitude": 25.055368,
		"longitude": 121.6176
	},
	{
		"id": "097",
		"name": "南港",
		"line": "南港、板橋、土城線",
		"address": "115台灣台北市南港區捷運南港站",
		"latitude": 25.052116,
		"longitude": 121.606686
	},
	{
		"id": "096",
		"name": "昆陽",
		"line": "南港、板橋、土城線",
		"address": "115台灣台北市南港區捷運昆陽站",
		"latitude": 25.050461,
		"longitude": 121.593268
	},
	{
		"id": "095",
		"name": "後山埤",
		"line": "南港、板橋、土城線",
		"address": "115台灣台北市南港區捷運後山埤站",
		"latitude": 25.045054,
		"longitude": 121.582522
	},
	{
		"id": "094",
		"name": "永春",
		"line": "南港、板橋、土城線",
		"address": "110台灣台北市信義區捷運永春站",
		"latitude": 25.040859,
		"longitude": 121.576292
	},
	{
		"id": "093",
		"name": "市政府",
		"line": "南港、板橋、土城線",
		"address": "110台灣台北市信義區捷運市政府站",
		"latitude": 25.041171,
		"longitude": 121.565227
	},
	{
		"id": "092",
		"name": "國父紀念館",
		"line": "南港、板橋、土城線",
		"address": "110台灣台北市信義區捷運國父紀念館站",
		"latitude": 25.041348,
		"longitude": 121.557801
	},
	{
		"id": "091",
		"name": "忠孝敦化",
		"line": "南港、板橋、土城線",
		"address": "106台灣台北市大安區捷運忠孝敦化站",
		"latitude": 25.041477,
		"longitude": 121.551097
	},
	{
		"id": "010",
		"name": "忠孝復興",
		"line": "南港、板橋、土城線",
		"address": "106台灣台北市大安區捷運忠孝復興站",
		"latitude": 25.041629,
		"longitude": 121.543767
	},
	{
		"id": "089",
		"name": "忠孝新生",
		"line": "南港、板橋、土城線",
		"address": "106台灣台北市大安區捷運忠孝新生站",
		"latitude": 25.042355,
		"longitude": 121.532904
	},
	{
		"id": "088",
		"name": "善導寺",
		"line": "南港、板橋、土城線",
		"address": "100台灣台北市中正區捷運善導寺站",
		"latitude": 25.044823,
		"longitude": 121.523207
	},
	{
		"id": "051",
		"name": "台北車站",
		"line": "南港、板橋、土城線",
		"address": "100台灣台北市中正區捷運台北車站",
		"latitude": 25.046254,
		"longitude": 121.517532
	},
	{
		"id": "085",
		"name": "龍山寺",
		"line": "南港、板橋、土城線",
		"address": "108台灣台北市萬華區捷運龍山寺站",
		"latitude": 25.035279,
		"longitude": 121.499826
	},
	{
		"id": "086",
		"name": "西門",
		"line": "南港、板橋、土城線",
		"address": "100台灣台北市中正區捷運西門站",
		"latitude": 25.04209,
		"longitude": 121.508303
	},
	{
		"id": "083",
		"name": "新埔",
		"line": "南港、板橋、土城線",
		"address": "220台灣新北市板橋區捷運新埔站",
		"latitude": 25.023738,
		"longitude": 121.468361
	},
	{
		"id": "082",
		"name": "板橋",
		"line": "南港、板橋、土城線",
		"address": "220台灣新北市板橋區捷運板橋站",
		"latitude": 25.013617,
		"longitude": 121.462302
	},
	{
		"id": "081",
		"name": "府中",
		"line": "南港、板橋、土城線",
		"address": "220台灣新北市板橋區捷運府中站",
		"latitude": 25.008619,
		"longitude": 121.459408
	},
	{
		"id": "080",
		"name": "亞東醫院",
		"line": "南港、板橋、土城線",
		"address": "220台灣新北市板橋區捷運亞東醫院站",
		"latitude": 24.998037,
		"longitude": 121.452514
	},
	{
		"id": "079",
		"name": "海山",
		"line": "南港、板橋、土城線",
		"address": "236台灣新北市土城區捷運海山站",
		"latitude": 24.98534,
		"longitude": 121.448785
	},
	{
		"id": "078",
		"name": "土城",
		"line": "南港、板橋、土城線",
		"address": "236台灣新北市土城區捷運土城站",
		"latitude": 24.973093,
		"longitude": 121.444361
	},
	{
		"id": "077",
		"name": "永寧",
		"line": "南港、板橋、土城線",
		"address": "236台灣新北市土城區捷運永寧站",
		"latitude": 24.966726,
		"longitude": 121.436072
	},
	{
		"id": "084",
		"name": "江子翠",
		"line": "南港、板橋、土城線",
		"address": "220台灣新北市板橋區捷運江子翠站",
		"latitude": 25.030009,
		"longitude": 121.472389
	}
]