{
    "students":[   
	    { "no": "110001", "name": "張小鈞", "gender": "男"},
        { "no": "110002", "name": "沈小廷", "gender": "男"},
        { "no": "110003", "name": "劉小宏", "gender": "男"},
        { "no": "110004", "name": "林小豪", "gender": "男"},
        { "no": "110005", "name": "劉小安", "gender": "男"},
        { "no": "110006", "name": "江小萱", "gender": "女"},
        { "no": "110007", "name": "胡小家", "gender": "女"},
        { "no": "110008", "name": "陳小儒", "gender": "女"},
        { "no": "110009", "name": "黃小妤", "gender": "女"},
        { "no": "110010", "name": "卓小依", "gender": "女"}
	]
}	